[
  {
    "model": "rse_challenges_app.impact",
    "pk": 1,
    "fields": {
      "name": "RSEs have the skills and knowledge required for their role",
      "description": "",
      "evidences": []
    }
  },
  {
    "model": "rse_challenges_app.objective",
    "pk": 1,
    "fields": {
      "name": "Identify the baseline skills required for RSEs at different levels of experience",
      "description": "Identify the baseline skills required for RSEs at different levels of experience. This will help to define the competencies required for RSEs at different levels of experience.",
      "impacts": [
        1
      ]
    }
  },
  {
    "model": "rse_challenges_app.objective",
    "pk": 2,
    "fields": {
      "name": "Identify the most appropriate training opportunities for RSEs at different levels of experience",
      "description": "Identify the most appropriate training opportunities for RSEs at different levels of experience. This will help RSEs to develop the skills and knowledge required for their role.",
      "impacts": [
        1
      ]
    }
  },
  {
    "model": "rse_challenges_app.evidence",
    "pk": 1,
    "fields": {
      "name": "Evidence 1",
      "description": "[Goldacre](https://assets.publishing.service.gov.uk/government/uploads/system/uploads/attachment_data/file/1067053/goldacre-review-using-health-data-for-research-and-analysis.pdf)"
    }
  },
  {
    "model": "rse_challenges_app.challenge",
    "pk": 1,
    "fields": {
      "name": "skills-and-training.md",
      "description": "RSEs may struggle to identify the most appropriate training opportunities for their role. This links to the ambiguity of the RSE role and the lack of a clear career path. This can also result in issues of skills shortages.",
      "created_date": "2024-11-28T21:57:06Z",
      "last_modified_date": "2024-11-28T21:57:08Z",
      "is_active": true,
      "is_deleted": false,
      "inputs": [],
      "actions": [],
      "outputs": [],
      "objectives": [
        1,
        2
      ],
      "impacts": [
        1
      ],
      "evidences": [
        1
      ],
      "resources": []
    }
  },
  {
    "model": "rse_challenges_app.challenge",
    "pk": 2,
    "fields": {
      "name": "recruitment-to-rse.md",
      "description": "RSEs may find it difficult to attract new talent to the field, as the role of RSE is not always well-understood or recognised. This can make it difficult to recruit new staff or to build a diverse team.",
      "created_date": "2024-11-28T21:57:06Z",
      "last_modified_date": "2024-11-28T21:57:08Z",
      "is_active": true,
      "is_deleted": false,
      "inputs": [],
      "actions": [],
      "outputs": [],
      "objectives": [],
      "impacts": [],
      "evidences": [],
      "resources": []
    }
  },
  {
    "model": "rse_challenges_app.impact",
    "pk": 2,
    "fields": {
      "name": "RSEs are recognised as key contributors to research",
      "description": "",
      "evidences": []
    }
  },
  {
    "model": "rse_challenges_app.objective",
    "pk": 3,
    "fields": {
      "name": "Non standard research outputs inc. software produced by RSEs to be recognised as academic output.",
      "description": "",
      "impacts": []
    }
  },
  {
    "model": "rse_challenges_app.evidence",
    "pk": 2,
    "fields": {
      "name": "Evidence 2",
      "description": "[from-backstage-to-spotlight-a-call-to-highlight-the-critical-role-of-research-software](https://blogs.lse.ac.uk/impactofsocialsciences/2023/09/07/from-backstage-to-spotlight-a-call-to-highlight-the-critical-role-of-research-software/)"
    }
  },
  {
    "model": "rse_challenges_app.evidence",
    "pk": 3,
    "fields": {
      "name": "Evidence 3",
      "description": "[Research technology professionals: the hidden roles behind research success](https://www.ses.ac.uk/research-technology-professionals-the-hidden-roles-behind-research-success/)"
    }
  },
  {
    "model": "rse_challenges_app.challenge",
    "pk": 3,
    "fields": {
      "name": "recognition.md",
      "description": "RSEs often struggle to get recognition for their work. This can be due to a lack of understanding of the role of RSEs, or a lack of visibility of their contributions. RSEs may also find it difficult to get credit for their work, as they are often not listed as authors on academic papers.\nThere needs to be recognition of the different kinds of roles that RSEs play in research, and the importance of their work in enabling research to be carried out. RSEs should be recognised as key contributors to research, and their work should be valued and rewarded accordingly.",
      "created_date": "2024-11-28T21:57:06Z",
      "last_modified_date": "2024-11-28T21:57:08Z",
      "is_active": true,
      "is_deleted": false,
      "inputs": [],
      "actions": [],
      "outputs": [],
      "objectives": [
        3
      ],
      "impacts": [
        2
      ],
      "evidences": [
        2,
        3
      ],
      "resources": []
    }
  },
  {
    "model": "rse_challenges_app.challenge",
    "pk": 4,
    "fields": {
      "name": "project-management.md",
      "description": "RSEs often need to contribute to multiple projects simultaneously. This can lead to issues with prioritisation, time management, and workload management.",
      "created_date": "2024-11-28T21:57:06Z",
      "last_modified_date": "2024-11-28T21:57:08Z",
      "is_active": true,
      "is_deleted": false,
      "inputs": [],
      "actions": [],
      "outputs": [],
      "objectives": [],
      "impacts": [],
      "evidences": [],
      "resources": []
    }
  },
  {
    "model": "rse_challenges_app.challenge",
    "pk": 5,
    "fields": {
      "name": "other_notes.md",
      "description": "",
      "created_date": "2024-11-28T21:57:06Z",
      "last_modified_date": "2024-11-28T21:57:08Z",
      "is_active": true,
      "is_deleted": false,
      "inputs": [],
      "actions": [],
      "outputs": [],
      "objectives": [],
      "impacts": [],
      "evidences": [],
      "resources": []
    }
  },
  {
    "model": "rse_challenges_app.impact",
    "pk": 3,
    "fields": {
      "name": "RSEs have limited stress and anxiety levels during and outside of work",
      "description": "",
      "evidences": []
    }
  },
  {
    "model": "rse_challenges_app.action",
    "pk": 1,
    "fields": {
      "name": "Establish a mental health support network for RSEs",
      "description": "Identify and establish a mental health support network for RSEs, where they can seek help and support when needed.",
      "outputs": [
        1
      ],
      "status": "TODO"
    }
  },
  {
    "model": "rse_challenges_app.output",
    "pk": 1,
    "fields": {
      "name": "A mental health support network for RSEs ",
      "description": "",
      "objectives": [
        5
      ]
    }
  },
  {
    "model": "rse_challenges_app.objective",
    "pk": 4,
    "fields": {
      "name": "Understand the scale of the problem of mental health in the RSE community",
      "description": "This objective will result in a better understanding of the scale of the problem of mental health in the RSE community.",
      "impacts": [
        3
      ]
    }
  },
  {
    "model": "rse_challenges_app.objective",
    "pk": 5,
    "fields": {
      "name": "RSEs have a community to turn to to support them through mental health challenges",
      "description": "This objective will result in RSEs having a community to turn to for support when they are experiencing mental health challenges.",
      "impacts": [
        3
      ]
    }
  },
  {
    "model": "rse_challenges_app.evidence",
    "pk": 4,
    "fields": {
      "name": "Evidence 4",
      "description": "[Talking about mental health at RSECon22](https://www.software.ac.uk/blog/talking-about-mental-health-rsecon22)"
    }
  },
  {
    "model": "rse_challenges_app.challenge",
    "pk": 6,
    "fields": {
      "name": "mental-health.md",
      "description": "RSEs may experience high levels of stress and anxiety due to the demands of their work. This can have a negative impact on their mental health and well-being.",
      "created_date": "2024-11-28T21:57:06Z",
      "last_modified_date": "2024-11-28T21:57:08Z",
      "is_active": true,
      "is_deleted": false,
      "inputs": [],
      "actions": [
        1
      ],
      "outputs": [
        1
      ],
      "objectives": [
        4,
        5
      ],
      "impacts": [
        3
      ],
      "evidences": [
        4
      ],
      "resources": []
    }
  },
  {
    "model": "rse_challenges_app.evidence",
    "pk": 5,
    "fields": {
      "name": "Evidence 5",
      "description": "[Open source research software project life cycles: understanding project maturity successes, and challenge events](https://talks.cam.ac.uk/talk/index/219982)"
    }
  },
  {
    "model": "rse_challenges_app.challenge",
    "pk": 7,
    "fields": {
      "name": "maintaining-legacy-code.md",
      "description": "RSEs often need to work with legacy code, which can be challenging. This can be due to a lack of documentation, a lack of understanding of the codebase, or a lack of support from the original developers. This is particularly challenging when the original developers may have had limited experience in software development.",
      "created_date": "2024-11-28T21:57:06Z",
      "last_modified_date": "2024-11-28T21:57:08Z",
      "is_active": true,
      "is_deleted": false,
      "inputs": [],
      "actions": [],
      "outputs": [],
      "objectives": [],
      "impacts": [],
      "evidences": [
        5
      ],
      "resources": []
    }
  },
  {
    "model": "rse_challenges_app.impact",
    "pk": 4,
    "fields": {
      "name": "Reduce the environmental impact of RSEs through their work",
      "description": "",
      "evidences": []
    }
  },
  {
    "model": "rse_challenges_app.impact",
    "pk": 5,
    "fields": {
      "name": "Raise awareness of the environmental impact of RSEs and the importance of adopting sustainable practices",
      "description": "",
      "evidences": []
    }
  },
  {
    "model": "rse_challenges_app.action",
    "pk": 2,
    "fields": {
      "name": "Create a Green RSE SIG",
      "description": "This action will be achieved by creating a Green RSE SIG.\nSome more text",
      "outputs": [
        2,
        3
      ],
      "status": "TODO"
    }
  },
  {
    "model": "rse_challenges_app.action",
    "pk": 3,
    "fields": {
      "name": "Life cycle assessment",
      "description": "We will develop a life cycle assessment tool for RSEs to use to assess the environmental impact of their work.",
      "outputs": [
        4
      ],
      "status": "TODO"
    }
  },
  {
    "model": "rse_challenges_app.output",
    "pk": 2,
    "fields": {
      "name": "An SIG dedicated to the green RSE initiative ",
      "description": "",
      "objectives": [
        6
      ]
    }
  },
  {
    "model": "rse_challenges_app.output",
    "pk": 3,
    "fields": {
      "name": "A person to lead the Green RSE SIG ",
      "description": "",
      "objectives": [
        6,
        7
      ]
    }
  },
  {
    "model": "rse_challenges_app.output",
    "pk": 4,
    "fields": {
      "name": "A tool that calculates the life cycle impact of your work ",
      "description": "",
      "objectives": [
        8
      ]
    }
  },
  {
    "model": "rse_challenges_app.objective",
    "pk": 6,
    "fields": {
      "name": "Develop a set of best practices for RSEs to reduce their environmental impact",
      "description": "This objective will be achieved by creating a set of best practices for RSEs to follow in order to reduce their environmental impact. This will be achieved by creating a Green RSE SIG.",
      "impacts": [
        4
      ]
    }
  },
  {
    "model": "rse_challenges_app.objective",
    "pk": 7,
    "fields": {
      "name": "Encourage green rse champions within RSE groups to promote sustainable practices",
      "description": "",
      "impacts": [
        4,
        5
      ]
    }
  },
  {
    "model": "rse_challenges_app.objective",
    "pk": 8,
    "fields": {
      "name": "Improve transparency of RSE impact on the environment",
      "description": "",
      "impacts": [
        5
      ]
    }
  },
  {
    "model": "rse_challenges_app.evidence",
    "pk": 6,
    "fields": {
      "name": "Evidence 6",
      "description": "[UK Gov Office for Science: Large-scale computing: the case for greater UK coordination](https://assets.publishing.service.gov.uk/media/654a4025e2e16a000d42aaef/UK_Computing_report_-_Final_20.09.21.pdf)"
    }
  },
  {
    "model": "rse_challenges_app.challenge",
    "pk": 8,
    "fields": {
      "name": "green-rse.md",
      "description": "The environmental impact of RSEs through their work is a growing concern. RSEs need to consider the environmental impact of their work and adopt sustainable practices where possible.",
      "created_date": "2024-11-28T21:57:06Z",
      "last_modified_date": "2024-11-28T21:57:08Z",
      "is_active": true,
      "is_deleted": false,
      "inputs": [],
      "actions": [
        2,
        3
      ],
      "outputs": [
        2,
        3,
        4
      ],
      "objectives": [
        6,
        7,
        8
      ],
      "impacts": [
        4,
        5
      ],
      "evidences": [
        6
      ],
      "resources": []
    }
  },
  {
    "model": "rse_challenges_app.impact",
    "pk": 6,
    "fields": {
      "name": "A diverse and inclusive RSE community",
      "description": "",
      "evidences": []
    }
  },
  {
    "model": "rse_challenges_app.impact",
    "pk": 7,
    "fields": {
      "name": "Everyone feels welcomed and supported by the RSE community",
      "description": "",
      "evidences": []
    }
  },
  {
    "model": "rse_challenges_app.impact",
    "pk": 8,
    "fields": {
      "name": "The RSE community is representative of the wider research community",
      "description": "",
      "evidences": []
    }
  },
  {
    "model": "rse_challenges_app.action",
    "pk": 4,
    "fields": {
      "name": "Create or adapt guidance on inclusive language",
      "description": "Create or adapt guidance on inclusive language",
      "outputs": [
        5
      ],
      "status": "TODO"
    }
  },
  {
    "model": "rse_challenges_app.output",
    "pk": 5,
    "fields": {
      "name": "A shared agreement of inclusive language in the RSE community ",
      "description": "",
      "objectives": [
        13
      ]
    }
  },
  {
    "model": "rse_challenges_app.objective",
    "pk": 9,
    "fields": {
      "name": "Understand the scale of the problem of diversity in RSE teams and the community",
      "description": "This objective will begin to understand the scale of the problem of diversity in RSE teams and the community.\nIt will help to support further work into this area.",
      "impacts": []
    }
  },
  {
    "model": "rse_challenges_app.objective",
    "pk": 10,
    "fields": {
      "name": "Identify the barriers to entry for underrepresented groups in the RSE community",
      "description": "This objective will identify the barriers to entry for underrepresented groups in the RSE community.",
      "impacts": []
    }
  },
  {
    "model": "rse_challenges_app.objective",
    "pk": 11,
    "fields": {
      "name": "More representative RSE leaders and role models",
      "description": "This objective will ensure that the RSE community has more representative leaders and role models.\nThis will lead to increased diversity and inclusivity in the RSE community.",
      "impacts": []
    }
  },
  {
    "model": "rse_challenges_app.objective",
    "pk": 12,
    "fields": {
      "name": "More inclusive and diverse RSE teams",
      "description": "This objective will ensure that RSE teams are more inclusive and diverse.",
      "impacts": []
    }
  },
  {
    "model": "rse_challenges_app.objective",
    "pk": 13,
    "fields": {
      "name": "More inclusive and diverse Events and Conferences",
      "description": "This objective will ensure that events and conferences are more inclusive and diverse.",
      "impacts": []
    }
  },
  {
    "model": "rse_challenges_app.challenge",
    "pk": 9,
    "fields": {
      "name": "equality-diversity-inclusion-accessibility.md",
      "description": "The RSE community faces challenges of inclusivity and diversity. This can be due to a lack of awareness of the role of RSEs, or a lack of opportunities for underrepresented groups to enter the field.",
      "created_date": "2024-11-28T21:57:06Z",
      "last_modified_date": "2024-11-28T21:57:08Z",
      "is_active": true,
      "is_deleted": false,
      "inputs": [],
      "actions": [
        4
      ],
      "outputs": [
        5
      ],
      "objectives": [
        9,
        10,
        11,
        12,
        13
      ],
      "impacts": [
        6,
        7,
        8
      ],
      "evidences": [],
      "resources": []
    }
  },
  {
    "model": "rse_challenges_app.impact",
    "pk": 9,
    "fields": {
      "name": "RSEs have a strong community to support each other, share knowledge and best practices, and advocate for the profession",
      "description": "",
      "evidences": []
    }
  },
  {
    "model": "rse_challenges_app.action",
    "pk": 5,
    "fields": {
      "name": "Document the existing RSE communities",
      "description": "This action will result in a comprehensive list of the existing RSE communities and their activities.",
      "outputs": [
        6
      ],
      "status": "TODO"
    }
  },
  {
    "model": "rse_challenges_app.output",
    "pk": 6,
    "fields": {
      "name": "A list of the existing RSE communities hosted on the RSE Soc website ",
      "description": "",
      "objectives": [
        14
      ]
    }
  },
  {
    "model": "rse_challenges_app.objective",
    "pk": 14,
    "fields": {
      "name": "Identify the existing RSE communities",
      "description": "This objective will result in a better understanding of the existing RSE communities and how they can be leveraged to support the RSE profession.",
      "impacts": [
        9
      ]
    }
  },
  {
    "model": "rse_challenges_app.challenge",
    "pk": 10,
    "fields": {
      "name": "community.md",
      "description": "Community is key to the success of the RSE profession. It is important to have a strong community to support each other, share knowledge and best practices, and advocate for the profession. However, building and maintaining a strong community can be challenging. This challenge is about identifying the key issues that the RSE community faces and developing strategies to overcome them.",
      "created_date": "2024-11-28T21:57:06Z",
      "last_modified_date": "2024-11-28T21:57:08Z",
      "is_active": true,
      "is_deleted": false,
      "inputs": [],
      "actions": [
        5
      ],
      "outputs": [
        6
      ],
      "objectives": [
        14
      ],
      "impacts": [
        9
      ],
      "evidences": [],
      "resources": []
    }
  },
  {
    "model": "rse_challenges_app.impact",
    "pk": 10,
    "fields": {
      "name": "RSEs feel they are in a role that reflects their experience and expertise",
      "description": "",
      "evidences": []
    }
  },
  {
    "model": "rse_challenges_app.impact",
    "pk": 11,
    "fields": {
      "name": "RSEs feel they are renumerated fairly for their work",
      "description": "",
      "evidences": []
    }
  },
  {
    "model": "rse_challenges_app.action",
    "pk": 6,
    "fields": {
      "name": "Share examples of career paths for RSEs",
      "description": "This action will be achieved by sharing examples of career paths for RSEs.",
      "outputs": [
        7
      ],
      "status": "TODO"
    }
  },
  {
    "model": "rse_challenges_app.output",
    "pk": 7,
    "fields": {
      "name": "Improve availability of career paths to RSEs ",
      "description": "",
      "objectives": [
        15
      ]
    }
  },
  {
    "model": "rse_challenges_app.objective",
    "pk": 15,
    "fields": {
      "name": "A clear implementation of an RSE career path",
      "description": "This objective will be achieved by evidencing a clear career path from entry level to senior RSE and examples of it being implemented from start to finish.",
      "impacts": [
        10
      ]
    }
  },
  {
    "model": "rse_challenges_app.evidence",
    "pk": 7,
    "fields": {
      "name": "Evidence 7",
      "description": "[SSI A not-so-brief history of Research Software Engineers](https://www.software.ac.uk/blog/not-so-brief-history-research-software-engineers-0)"
    }
  },
  {
    "model": "rse_challenges_app.evidence",
    "pk": 8,
    "fields": {
      "name": "Evidence 8",
      "description": "[Why it\u2019s so difficult to define an RSE career path CW 24](https://www.software.ac.uk/blog/why-its-so-difficult-define-rse-career-path)"
    }
  },
  {
    "model": "rse_challenges_app.evidence",
    "pk": 9,
    "fields": {
      "name": "Evidence 9",
      "description": "[Identifying the Foundational Competencies of a Research Software Engineer](https://www.software.ac.uk/blog/identifying-foundational-competencies-research-software-engineer)"
    }
  },
  {
    "model": "rse_challenges_app.challenge",
    "pk": 11,
    "fields": {
      "name": "careers.md",
      "description": "RSEs may find it difficult to progress in their careers, as the role of RSE is not always well-defined within academic institutions. This can make it difficult for RSEs to advance to more senior positions or plan for their future career development.",
      "created_date": "2024-11-28T21:57:06Z",
      "last_modified_date": "2024-11-28T21:57:08Z",
      "is_active": true,
      "is_deleted": false,
      "inputs": [],
      "actions": [
        6
      ],
      "outputs": [
        7
      ],
      "objectives": [
        15
      ],
      "impacts": [
        10,
        11
      ],
      "evidences": [
        7,
        8,
        9
      ],
      "resources": []
    }
  },
  {
    "model": "rse_challenges_app.impact",
    "pk": 12,
    "fields": {
      "name": "Research software is of a high quality, maintainable, and scalable",
      "description": "",
      "evidences": []
    }
  },
  {
    "model": "rse_challenges_app.impact",
    "pk": 13,
    "fields": {
      "name": "Research software results are reproducible or replicable",
      "description": "",
      "evidences": []
    }
  },
  {
    "model": "rse_challenges_app.action",
    "pk": 7,
    "fields": {
      "name": "Establish RSE champions in key areas of software best practice",
      "description": "Identify RSE champions in key areas of software best practice, who can lead the community in adopting best practices.",
      "outputs": [
        8
      ],
      "status": "TODO"
    }
  },
  {
    "model": "rse_challenges_app.output",
    "pk": 8,
    "fields": {
      "name": "RSEs with the skills, knowleddge and resources to lead the community ",
      "description": "",
      "objectives": [
        16,
        17
      ]
    }
  },
  {
    "model": "rse_challenges_app.objective",
    "pk": 16,
    "fields": {
      "name": "Understand the scale of the problem of best practices in research software development",
      "description": "This objective will result in a better understanding of the scale of the problem of best practices in research software development.",
      "impacts": [
        12,
        13
      ]
    }
  },
  {
    "model": "rse_challenges_app.objective",
    "pk": 17,
    "fields": {
      "name": "RSEs have the skills, knowledge and resources to implement best practices in research software development",
      "description": "This objective will result in RSEs having the skills, knowledge and resources to implement best practices in research software development.",
      "impacts": [
        12,
        13
      ]
    }
  },
  {
    "model": "rse_challenges_app.objective",
    "pk": 18,
    "fields": {
      "name": "Best practice is shared and adopted across the RSE community",
      "description": "This objective will result in best practice being shared and adopted across the RSE community.",
      "impacts": [
        12,
        13
      ]
    }
  },
  {
    "model": "rse_challenges_app.challenge",
    "pk": 12,
    "fields": {
      "name": "best-practice-software-development.md",
      "description": "RSEs may struggle to implement best practices in software development, due to a lack of training or experience in this area. This can lead to issues with code quality, maintainability, and scalability. This is a particular challenge when working with researchers who may not have a background in software development.",
      "created_date": "2024-11-28T21:57:06Z",
      "last_modified_date": "2024-11-28T21:57:08Z",
      "is_active": true,
      "is_deleted": false,
      "inputs": [],
      "actions": [
        7
      ],
      "outputs": [
        8
      ],
      "objectives": [
        16,
        17,
        18
      ],
      "impacts": [
        12,
        13
      ],
      "evidences": [],
      "resources": []
    }
  }
]